Startup name,Allowance/Assistance Type,Industry,Woman Led(SO Recognised),Retured Assessed,Employee Cost(21),Employee Cost(22),Expences(21),Expences(22),Income Tax(21),Income Tax(22),Rank,Revenue(21),Revenue(22),SGST(21),SGST(22)
PRANTAE SOLUTIONS (OPC) PRIVATE LIMITED,Y,HEALTHCARE AND LIFESCIENCES,Yes,2022,,4005208.4,,5364667.18,0,14536,169,,10866715.05,0,665003.62875
ODISOFT TECHNOLOGY PVT LTD,,TECHNOLOGY HARDWARE,,2022,1293213,1296522,2419446.86,3280730.51,0,33497.21,43,2522773.2,3399155.09,39207.99,104936.63175
SWARGADWARA SERVICES PRIVATE LIMITED,Y,EVENTS,,2022,802516,125300,1979486,286846,,,200,539578,215208,0,0
UDIYATE TECHNOLOGIES PRIVATE LIMITED,Y,INTERNET OF THINGS,,2022,594020,36000,804380,130750,0,0,181,804380,130750,0,0
CYCA ONCOSOLUTIONS,,HEALTHCARE AND LIFESCIENCES,,2022,1706400,6947300,5392400,12019900,,591100,15,5113500,14494400,233512.5,937080
ISERVEU TECHNOLOGY PRIVATE LIMITED,Y,FINANCE TECHNOLOGY,,2022,45520000,95960000,415524000,803667000,1383000,985000,1,420842000,806538000,31413150,60340350
ADIT BIOSCIENCE PRIVATE LIMITED,Y,PETS AND ANIMALS,Yes,2022,734900,493750,1836555,861694,,,178,1742181,684424,0,0
MEDTEL HEALTHCARE PRIVATE LIMITED,Y,HEALTHCARE AND LIFESCIENCES,,2022,1284631,9417337,9169017,30308085.14,,,24,5461711,11245764.14,259628.325,693432.3105
DD BIO SOLUTION TECHNOLOGY PRIVATE LIMITED,Y,AGRICULTURE,,2022,194780,125490,745992,444728.34,,,333,664475,301955,0,0
AJATUS SOFTWARE PRIVATE LIMITED,Y,ENTERPRISE SOFTWARE,,2022,6088303,7310815,7641951,9953685,119648,214475,40,8102134,10778589,457660.05,658394.175
VASITARS PRIVATE LIMITED,Y,OTHERS,,2022,3354876,8989199,7719333,19928187,,8654644,11,6284781,30319729,321358.575,2123979.675
CREDENCE REDEFINED SERVICES PRIVATE LIMITED,,OTHERS,,2022,1487921,2204677,3514696,4654149,23269,59778,42,3604193,4851834,120314.475,213887.55
ALTRASYS TECHNOLOGIES PRIVATE LIMITED,Y,ANALYTICS,,2022,932000,454155,1173998,712854,0,,338,1216000,157324,0,0
INNOCULE MATERIALS AND ADDITIVES PRIVATE LIMITED,Y,CHEMICALS,,2022,8200000,17770000,80760000,158436000,1806000,4486000,2,87670000,175760000,6425250,13032000
INNOVIAN TECHNOLOGY PRIVATE LIMITED,,IT SERVICES,,2022,,,23698.55,19130.15,,,205,,0,0,0
PHOENIX ROBOTIX PRIVATE LIMITED,Y,TECHNOLOGY HARDWARE,,2022,8676402,17174890.81,28364838.63,53153248.14,,,17,18239667.22,29283786.18,1217975.0415,2046283.9635
PAZ FARMING AND SOLUTIONS PRIVATE LIMITED,,AGRICULTURE,,2022,155500,108000,509664,436521,,,340,276244,71005,0,0
ETRIX TECHNOLOGIES PRIVATE LIMITED,Y,AR/VR - AUGMENTED + VIRTUAL REALITY,,2022,420107,395048,1194041,804425,12699,10642,329,1234741,838527,0,0
SAKROBOTIX LAB PRIVATE LIMITED,,ROBOTICS,,2022,901490,1201971,1694565,2556156,0,32884,30,1715911,2660909,0,49568.175
WIZY SERVICES PRIVATE LIMITED,,HOUSE-HOLD SERVICES,,2022,,,98818.55,8735.84,,,345,,0,0,0
SCIUS SOLUTION PRIVATE LIMITED,Y,IT SERVICES,,2022,67985,1280000,142647,1473181,642,13732,31,145720,1526701,0,0
SUKANTI HANDLOOM PRIVATE LIMITED,,TEXTILES AND APPAREL,,2022,246500,97850,783441,233569,2040,1354,179,789100,235238,0,0
SANTAAN FERTILITY CENTER AND RESEARCH INSTITUTE PV,Y,HEALTHCARE AND LIFESCIENCES,,2022,3953980,10305370,28305440,42719020,549500,1344200,9,30841590,47436470,2163119.25,3407735.25
INFOCREATIVES SERVICES PRIVATE LIMITED (OPC),,IT SERVICES,,2022,0,0,0,0,0,0,199,0,0,0,0
GRUHA MINI MART PVT. LTD.,,OTHERS,,2022,616943.71,532342,12093394.94,2676948.46,25024,,328,12132924.18,1624284.24,759969.3135,0
FORWARD EYE CONSULTING PVT. LTD.,,EDUCATION,Yes,2022,3104464,2472117,5463263.41,4386557,148540,94407,172,5910000,4693560,293250,202017
SHAKAMBAREE ORGANICS PRIVATE LIMITED,,MARKETING,,2022,,,6500,6500,,,184,,0,0,0
VILLA MART PRIVATE LIMITED,Y,OTHERS,,2022,2740650,1708650,48260760,40492270,20040,0,155,48466010,40694460,3484950.75,2902084.5
WEBCRUNCH TECHNOLOGY PRIVATE LIMITED,,IT SERVICES,,2022,8168635,8700325,10130686,11978703,250581,293489,92,11086295,13009332,681472.125,825699.9
OOHLALARE TECHNOLOGY PRIVATE LIMITED,,IT SERVICES,,2022,,,5900,,,0,184,,0,0,0
WHITEPEN TECHNOLOGIES PRIVATE LIMITED,,OTHERS,,2022,,,,20326,,,204,20356,0,0,0
KALINGA RENEWABLE ENERGY MANUFACTURERS PRIVATE LIM,,RENEWABLE ENERGY,,2022,5852417,6371159,29265174,61529016,503217,529953,21,30677972,63178017,2150847.9,4588351.275
ODITEK SOLUTIONS PRIVATE LIMITED,,IT SERVICES,,2022,15925881,15525164,21389950,24006955,440517,581950,85,22915533,26245225,1568664.975,1818391.875
ZAMURA SOFTWARE TECHNOLOGIES PRIVATE LIMITED,,IT SERVICES,,2022,,,158427.37,34051.74,,,184,13239,0,0,0
MACHPHY SOLUTIONS PRIVATE LIMITED,Y,GREEN TECHNOLOGY,,2022,87850,,3643767,2245100,6327,28300,174,3646069,2344300,123455.175,25822.5
ARANYAK ECOHARVEST PRIVATE LIMITED,,FOOD AND BEVERAGES,,2022,180000,132500,2101683,4693171,3530,5430,22,2124288,5077713,9321.6,230828.475
AYUSLA PRIVATE LIMITED,,HEALTHCARE AND LIFESCIENCES,,2022,,216000,176511,839925,590,4466,33,178872,862143,0,0
YOR SMARTRIDE PRIVATE LIMITED,,OTHERS,,2022,525500,1245950,1790919.88,3081407.72,0,0,37,1923257,3270163.17,0,95262.23775
NAVDHI SOLUTIONS (OPC) PRIVATE LIMITED,,IT SERVICES,,2022,,,23363.37,33595.18,2020.33,0,45,30000,40000,0,0
HALO DENTIST INDIA PRIVATE LIMITED,Y,HEALTHCARE AND LIFESCIENCES,,2022,,,294692,126203,,,341,282350,60000,0,0
MUVI ENTERTAINMENT PRIVATE LIMITED,,IT SERVICES,,2022,97553539,149355151,109451622,169243138,915419,1219372,5,112972464,173933031,8322934.8,12894977.325
AETHER INNOVATIONS PRIVATE LIMITED,Y,FOOD AND BEVERAGES,,2022,0,0,0,0,0,0,197,0,0,0,0
CAPTIVATING EPICURE PRIVATE LIMITED,Y,FOOD AND BEVERAGES,,2022,2454000,2799000,24708000,34098000,83000,,84,25036000,30358000,1727700,2126850
MOBITRIX ENTERPRISE PRIVATE LIMITED,,IT SERVICES,,2022,770964,1549484,808837,1565133,,,137,790000,1549000,0,0
APPVISIO CONSULTING SERVICES PRIVATE LIMITED,,IT SERVICES,,2022,405881,647200,690185,1591520,,,139,17290,1045619,0,0
ITEBO TECHNOLOGY,,HEALTHCARE AND LIFESCIENCES,,2022,,,129741.68,116779.16,,,184,128383,0,0,0
HARVESTWILD ORGANIC SOLUTIONS PVT LTD,,AGRICULTURE,,2022,3072600,3423900,11502300,15774300,,,46,11281900,14788100,696142.5,959107.5
THOOMRI.COM PVT.LTD,Y,OTHERS,,2022,723710,674800,5023819.05,5636645.11,10090,11350,145,5062602,5680273,229695.15,276020.475
SMALLDAY IT SERVICES PRIVATE LIMITED,,DATING/MATRIMONIAL,,2022,7162929,13067395,7900355,14075320,339119,950554,10,10690636,17731297,651797.7,1179847.275
KALPANA AGROTECH PRIVATE LIMITED,Y,AGRICULTURE,,2022,480000,540000,9196796,9870838,,1329,149,9165820,9877779,537436.5,590833.425
EKISTICS SOLUTIONS PVT. LTD.,,INTERNET OF THINGS,,2022,6060938,517275,11044433.67,951902.99,1138634.99,212951.65,171,15227263,1782062.88,992044.725,0
ODISHA MERCHANDISE PRIVATE LIMITED,,FOOD AND BEVERAGES,,2022,,,3218117,3330210,,,143,36648,57686,0,0
MAVSTACK SOLUTIONS PRIVATE LIMITED,,IT SERVICES,,2022,154600,230000,2073854,3938207,5610.75,10970,28,2089942,3982513,6745.65,148688.475
EXTRUDER ENGINEERING AGENCIES PRIVATE LIMITED,,IT SERVICES,,2022,,979356,111025,2133999,,8314,67,34238,2256768,0,19257.6
MUNDA CLOTHING PRIVATE LIMITED,,TEXTILES AND APPAREL,,2022,1602000,3198450,2493935,4487851,18783,46262,52,2566176,4665784,42463.2,199933.8
SNEGO PHARMACEUTICALS PRIVATE LIMITED,,HEALTHCARE AND LIFESCIENCES,,2022,49500,54000,308090,459950,,,65,307220,418060,0,0
MOTHER DIAGNOSTIC SYSTEMS PRIVATE LIMITED,Y,HEALTHCARE AND LIFESCIENCES,,2022,,9602,266288,262346,,,184,,0,0,0
HOMVERY PRIVATE LIMITED,Y,HOUSE-HOLD SERVICES,,2022,,,3774878.72,10920156.52,1134,14322,47,3779240,10975243,133443,673143.225
HEALTHITUDE TECHNOLOGY PRIVATE LIMITED,,HEALTHCARE AND LIFESCIENCES,,2022,,,6450,14000,,,198,0,0,0,0
SAMSILA CREATIONS PRIVATE LIMITED,,HEALTHCARE AND LIFESCIENCES,,2022,,,219970,4190,3130,,235,230000,0,0,0
KRUSHACO SERVICES PRIVATE LIMITED,Y,AGRICULTURE,,2022,,,188781,57264,,,246,128000,0,0,0
SERENE DESIGN AND MARKETING PRIVATE LIMITED,Y,ART AND PHOTOGRAPHY,Yes,2022,96000,22500,577927,153671,,,339,562923,135532,0,0
JYOSS SERVICES PRIVATE LIMITED,,AGRICULTURE,Yes,2022,,,7749,649,,,250,201,40.49,0,0
OFFER WHIRL ONLINE SERVICES PRIVATE LIMITED,,IT SERVICES,,2022,50382,,61394,11828,,,184,22400,0,0,0
JIGSAN MERCANTILE PVT LTD,,CHEMICALS,,2022,4108951,4307674,35011311,27127330,65000,51785,166,35121610,27291994,2484120.75,1896899.55
BATTI GHAR SUSTAINABLE SOLUTIONS PRIVATELIMITED,Y,RENEWABLE ENERGY,Yes,2022,560000,76825,828535,392386,,,393,810000,314030,0,0
NVIRON CONSULTING PVT LTD,,EDUCATION,Yes,2022,410269,1190184,4045881,8357607,0,54505,20,4152543,8567239,161440.725,492542.925
DYMECHEN ENERGIES INDIA PVT LTD,,RENEWABLE ENERGY,,2022,30000,222288,84000,391193,,,342,,52643,0,0
TGGI ENERGY SOLUTIONS PRIVATE LIMITED,,GREEN TECHNOLOGY,,2022,,,21037.92,13672.04,0,,183,40372,2576,0,0
WAYINDIA SOFTWARE SOLUTION PVT. LTD.,,IT SERVICES,,2022,1192600,1732601,2544802.41,2945929.29,0,,325,2702816,1963112,52711.2,0
TSSS TECHNO SOLUTIONS PRIVATE LIMITED,,IT SERVICES,,2022,1379356,2406487,2121238,3078698,,147761,25,1934519,3535464,0,115159.8
HANS SQUAD ROBOTECH PRIVATE LIMITED,,INTERNET OF THINGS,,2022,,360000,293425,1546390,0,0,56,307669,1574643,0,0
BASAL INITIATIVES PRIVATE LIMITED,Y,AGRICULTURE,,2022,60000,60000,228770,172558,,,184,66000,0,0,0
MICROFINET TECHNOLOGIES PRIVATE LIMITED,,IT SERVICES,,2022,,,1899749,1938050,0,0,313,1901843,1942700,0,0
NEGOTRIP PVT. LTD.,Y,TRAVEL AND TOURISM,,2022,395095,957609,3446133,5662171,20298,15630,26,3492066,5694795,111904.95,277109.625
NORAH CLINICAL SOLUTION (INDIA) PRIVATE LIMITED,,HEALTHCARE AND LIFESCIENCES,,2022,7135439,8110976,11920113.95,11782480.84,127176,189909,167,12366842,12497110,777513.15,787283.25
VARI STUDIOS PVT LTD,Y,OTHERS,Yes,2022,135000,120722,210639,224348,,64296,138,198000,280774,0,0
ACHYUT SYSTEM AND SERVICES PRIVATE LIMITED,,ADVERTISING,,2022,606000,614000,963404,982536,2093,1775,318,971452,989365,0,0
CARLINE TECHNOLOGIES PRIVATE LIMITED,,DESIGN,Yes,2022,29887560,29935005,35084676.05,36461217.61,146754.47,237465.07,261,35649115.7,37229660,2523683.6775,2642224.5
ABODHI INFOWORLD PRIVATE LIMITED,,MEDIA AND ENTERTAINMENT,,2022,70000,934000,306504.47,1192646.58,0,0,32,315000,1250000,0,0
SIMPLEEKARE HEALTH PRIVATE LIMITED,,HEALTHCARE AND LIFESCIENCES,,2022,3832942,6075431,8978553,12803909,,,127,4823323,11946333,211749.225,745974.975
SS EDUVENTURES PVT. LTD.,,EDUCATION,,2022,1121800,840000,2468160,1834590,29610,54050,321,2582050,2042470,43653.75,3185.25
ACADEMY FOR MEDIA LEARNING PRIVATE LIMITED,,MEDIA AND ENTERTAINMENT,,2022,10422345,14925062,33897219,42294416,2088220,2073389,27,41785592,50080709,2983919.4,3606053.175
DSCR TECHNO SOLUTIONS PRIVATE LIMITED,Y,MARKETING,Yes,2022,116839,,532054,185671,464,,337,533542,170900,0,0
WHITESHARK ENERGY PRIVATE LIMITED,Y,RENEWABLE ENERGY,,2022,1458373,1708540,9926975,22288190,105791,180031,18,10221773,22980618,616632.975,1573546.35
ORETES CONSULTING PRIVATE LIMITED,,IT SERVICES,Yes,2022,265450,823475,1487365,1526490,,,258,1198402,1339829,0,0
LAPPY HEALTHCARE PRIVATE LIMITED,,HEALTHCARE AND LIFESCIENCES,Yes,2022,10000,10000,487777.06,215075.88,,,232,395616.4,130500,0,0
NEWREDMARS EDUCATION PVT LTD,,EDUCATION,,2022,36000,,179378,47898,,,201,49360,29260,0,0
NINA\'S TARKASHI PRIVATE LIMITED,,OTHERS,Yes,2022,86300,144000,536858,677032,,3387,86,534451,690428,0,0
STRATLYTICS CONSULTING PRIVATE LIMITED,,ANALYTICS,,2022,3874443,11198173,8400861,23061939,,1733830,7,7498082,29730505,412356.15,2079787.875
FARMERSPURE BIOPRODUCTS PRIVATE LIMITED,Y,AGRICULTURE,Yes,2022,248590,724488,1744242,3688971,3180,0,38,1754484,3964342,0,147325.65
HERETIQUE CONSULTING AND MANAGEMENT SERVICES PRIVATE LIMITED,,HUMAN RESOURCES,,2022,,,37144,3319343,,4755,322,,3349383,0,101203.725
UNISEL SHOPPING PVT. LTD.,,RETAIL,,2022,1247623,647792,6728262,9143757,12478,23217,39,6769828,9223565,357737.1,541767.375
PROCYTO LABS PVT. LTD,Y,HEALTHCARE AND LIFESCIENCES,Yes,2022,174000,307000,331655,997577,,,160,8658,670146,0,0
RECTOR FLAVOURS PRIVATE LIMITED,,FOOD AND BEVERAGES,,2022,1054200,670000,2879240,3194490,0,15510,148,2924250,3238270,69318.75,92870.25
ETHOUGHT TECHNOLOGIES PRIVATE LIMITED,,IT SERVICES,,2022,,,46311.61,34700,,,249,,0,0,0
SUNEMISON SOLAR ENERGY PRIVATE LIMITED,,RENEWABLE ENERGY,,2022,202000,,315586,63245,,1626,180,310520,69500,0,0
AAVRTTI TECHNOLOGIES PRIVATE LIMITED,Y,TECHNOLOGY HARDWARE,,2022,406294,418924.26,902786.58,1052161.15,,,287,900000,1000000,0,0
XIOTY SOLUTIONS PRIVATE LIMITED,Y,INTERNET OF THINGS,,2022,120000,28500,437559,182440,,365701,235,340948,0,0,0
HELEARK PROJECTS AND SOLUTIONS PRIVATE LIMITED,,GREEN TECHNOLOGY,Yes,2022,76937,723518,623017,9785415,3240,17614,151,643809,9893173,0,591987.975
PROTIONIX TECHNOLOGY,Y,EDUCATION,,2022,173320,,416780,521670,,,93,404600,516250,0,0
SMF WEBSMYLE SERVICES OPC PRIVATE LIMITED,,SOCIAL NETWORK,,2022,,,53370.99,21937.49,,,397,,1344.54,0,0
MINDBOUND CREATIVES PVT. LTD.,Y,MEDIA AND ENTERTAINMENT,Yes,2022,,,,,0,0,248,,0,0,0
YUPSERVE SERVICES PRIVATE LIMITED,,HOUSE-HOLD SERVICES,,2022,,,2965,204896,,,395,,126697,0,0
AVETI LEARNING PRIVATE LIMITED,Y,EDUCATION,,2022,2107665,2068066,4405051,5624769,,,130,2465489,5415034,34911.675,256127.55
ILASHBATI SERVICES PRIVATE LIMITED,Y,HOUSE-HOLD SERVICES,Yes,2022,2236139,1615964,3785519.16,3601151.19,,,326,2100747.12,1827771,7556.034000000,0
INFIGENT SOLUTION PRIVATE LIMITED,,MEDIA AND ENTERTAINMENT,,2022,3092385,3629477,3707727,4258723,15208,31766,104,3729262,4339201,129694.65,175440.075
EWARRANTY SOLUTIONS,,IT SERVICES,,2022,,,15609,20,,20,184,,0,0,0
GIGO TECHNOLOGIES PRIVATE LIMITED,,TRAVEL AND TOURISM,,2022,,,122060,122905,,,184,,0,0,0
SHUBHALAXMI FUTURE SOLUTIONS (OPC) PRIVATE LIMITED,Y,OTHERS,,2022,,,784584,739539,0,,332,1132203,500000,0,0
BESTBALA ONLINE SOLUTION PRIVATE LIMITED,,PROFESSIONAL AND COMMERCIAL SERVICES,Yes,2022,36000,30000,48810,48300,,,235,1114,0,0,0
LOOM FRUITS ECOGENER PVT LTD OPC,,TEXTILES AND APPAREL,,2022,,72000,340249,540540,312,5696,35,341446,565443,0,0
TETRALANCE PRIVATE LIMITED,,IT SERVICES,Yes,2022,2437717,3643415,3473602,5132016,20873,44652,156,3553883,5309453,116541.225,248208.975
WEDMIST TECHNOLOGY PRIVATE LIMITED,,HOUSE-HOLD SERVICES,,2022,142800,112800,302001,243312,863,896,231,305320,246760,0,0
BALASORE AGRO PRIVATE LIMITED,Y,AGRICULTURE,,2022,649450,700214,4188104,4506942,10778,14939,173,4231215,4554373,167341.125,191577.975
TRIPTANTRA PRIVATE LIMITED,,TRAVEL AND TOURISM,,2022,,,39372,16799,,,208,,0,0,0
MEDURIN HEALTHCARE PVT. LTD.,Y,HEALTHCARE AND LIFESCIENCES,,2022,,,77100,188838,,,57,60000,180000,0,0
SILVER PINE HOSPITALITY PRIVATE LIMITED,,TRAVEL AND TOURISM,,2022,5024000,3193000,18153000,27850000,384000,539000,12,19630000,29847000,1322250,2088525
MAKK CURATIVES (OPC) PVT LTD,,HEALTHCARE AND LIFESCIENCES,,2022,,,99091,10753,,,235,-10753,0,0,0
SWADESH INFRA MARKETING PVT LTD,,RENEWABLE ENERGY,,2022,1277717,634802,4215282,5977196,,32295,128,2186923,6329222,14019.225,324691.65
EUTHISSA CARE TECHNOLOGY PVT.LTD,,IT SERVICES,Yes,2022,698345,720334,3493298,3590154,5274,,223,3500974,3578630,112573.05,118397.25
CZARITA INDIA PRIVATE LIMITED,,TEXTILES AND APPAREL,,2022,45000,48000,157603,164606,0,4082,164,159927,180305,0,0
BORNBHUKKAD (LOVA FOODS PRIVATE LTD),,FOOD AND BEVERAGES,,2022,,,,,0,0,184,,0,0,0
BARIFLO LABS PRIVATE LIMITED,Y,AGRICULTURE,,2022,831231,1145355,2791861,3578213,,,55,1571088,2655208,0,49140.6
ARK RELUCENT SOLAR (OPC) PRIVATE LIMITED,,RENEWABLE ENERGY,Yes,2022,,,8911.8,191145.53,0,,96,13800,172852.22,0,0
NORTHROPIO TECHNOLOGIES PRIVATE LIMITED,,IT SERVICES,,2022,72000,96000,126186,182598,,,163,124650,181499,0,0
VOYZON AEROSPACE,,AERONAUTICS/AEROSPACE AND DEFENCE,,2022,2061249,240937,2856851,812749,,,235,134955,0,0,0
RADECH SOLUTIONS PRIVATE LIMITED,,INTERNET OF THINGS,,2022,445100,,1031699,46331,1364,,235,1037535,0,0,0
UNITOR TECHNOLOGY PVT LTD,,OTHERS,,2022,360000,240000,1792752,1849109,20763,24589,168,1872278,1934310,0,0
YOS HOME APPLIANCE PRIVATE LIMITED,Y,TECHNOLOGY HARDWARE,,2022,,,242748.49,420297.31,,,140,60000,420000,0,0
NGSAA CONSTRUCTION PRIVATE LIMITED,,REAL ESTATE,,2022,,,137159,27328,,,278,30552,5000,0,0
DASINGLESHWAR PRIVATE LIMITED,,OTHERS,,2022,,38535,313646.86,2061967.54,,6251,157,135308,2299955.7,0,22496.6775
TRAG SALES4YOU PVT. LTD.,,TRAVEL AND TOURISM,,2022,258176,91050,852759,198565,,,411,813550,123950,0,0
MEMORABLE HOSPITALITY PRIVATE LIMITED,,TRAVEL AND TOURISM,Yes,2022,,,18718,17552,,,58,6356,12934,0,0
DADARAHAMANJI MEAT PRIVATE LIMITED,,FOOD AND BEVERAGES,,2022,238000,514000,5202380,7598022,0,0,265,5212000,864648,240900,0
NANDA ENGINEERING KNOWLEDGE SOLUTIONS AND SERVICES PRIVATE LIMITED,,AGRICULTURE,,2022,434400,683080,1067150,1279322,16159,21750,89,1129497,1362701,0,0
CONFLUEX MARKETING PRIVATE LIMITED,,IT SERVICES,Yes,2022,20000,699800,904411,1763420,22141,38631,133,980000,1912000,0,0
HIFERK TECHNOLOGIES PRIVATE LIMITED,,OTHERS,Yes,2022,835795,3300041.9,2139040.33,14735355.18,,,125,1904750,14126558.44,0,909491.883
DAVIK FOOD AND BEVERAGES PRIVATE LIMITED,Y,FOOD AND BEVERAGES,Yes,2022,348090,110482,511006,247499,,,409,146495,135510,0,0
POC CONSULTING PVT LTD,,SOCIAL IMPACT,Yes,2022,16500,70000,56859,100196,,,396,,77500,0,0
VHN SOLAR ENERGY PVT LTD,,RENEWABLE ENERGY,,2022,,,6446165.46,9680080.13,47758.33,101217.15,53,6621621,10073469.3,346621.575,605510.1975
ENIGMA MOTORS,,AUTOMOTIVE,,2022,169500,,2155508,,,0,227,920617,0,0,0
LEGWORK SERVICES PVT.LTD,,PROFESSIONAL AND COMMERCIAL SERVICES,Yes,2022,507011,479000,1140399.71,1015653.63,,,394,195000,150000,0,0
VOYZON TECHNOLOGIES PRIVATE LIMITED,,AI,,2022,5195516,4062434,8122393,4362334,,,184,,0,0,0
ARDBERRY TECHNOLOGY PRIVATE LIMITED,,INTERNET OF THINGS,,2022,112000,144700,710974,842205,0,0,170,788730,920513,0,0
WIRSAY TECHNOLOGIES PRIVATE LIMITED,,MARKETING,,2022,,,127877,76375,,,270,119049,0,0,0
ACCVEIL SOLUTIONS PRIVATE LIMITED,,ENTERPRISE SOFTWARE,Yes,2022,2707500,3622109,47139411,87328782,85701,209148,14,47477570,88133208,3410817.75,6459990.6
VAISALI DAIRY PRIVATE LIMITED,,AGRICULTURE,Yes,2022,1446557,1271190,16791566,20823694,0,0,68,17081080,21161800,1131081,1437135
ULTIMATE MARKDOWN SERVICES PRIVATE LIMITED,,RETAIL,Yes,2022,,,5478,9856,,,420,,0,0,0
TRIPLUS SOLUTIONS PRIVATE LIMITED,,HUMAN RESOURCES,,2022,107700,24000,395154,123216,,,415,48527,25800,0,0
KAUSTAV DREAMWORKS PVT LTD,,MEDIA AND ENTERTAINMENT,Yes,2022,4486500,3386900,15464500,13493000,,,214,235300,542900,0,0
METNMAT RESEARCH PRIVATE LIMITED,Y,OTHERS,,2022,850100,124154,1536379.98,792912.22,4828,,230,1554945,500000,0,0
PROTRAINY SKILLED LEARNING PRIVATE LIMITED,,EDUCATION,,2022,,,413550,1772550,0,51014,74,484072,1933110,0,0
MACHSTATZ BUSINESS SOLUTIONS PVT LTD.,Y,INTERNET OF THINGS,,2022,1252733,1881137,3106050,5402943,,,132,843800,3950951,0,146321.325
RGB AGROTECH PRIVATE LIMITED,,AGRICULTURE,,2022,,23800,43670,165860,450,1660,36,45410,172200,0,0
LEGODESK TECHNOLOGIES PVT LTD,,IT SERVICES,,2022,638409,2120186,1461968,3200226,,,215,105713,348556,0,0
SHEKHAR TELESYSTEMS INDIA PVT. LTD,,TECHNOLOGY HARDWARE,Yes,2022,647000,96000,1399331,357950,,,335,1391747,212609,0,0
AGRISOUL ORGANICS INDIA PRIVATE LIMITED,Y,AGRICULTURE,Yes,2022,,,984858,1578620,15949,25788,76,1047492,1677780,0,0
INDNA LIFESCIENCES PVT LTD,,BIOTECHNOLOGY,,2022,10823928,22171027,61303182,86131911,2787705,2812304,4,75338331,100882436,5500374.825,7416182.7
SYFT LEARN AND EXCEL PVT LTD,,EDUCATION,Yes,2022,84000,84000,250058.6,227363.78,,,147,49455.56,155000,0,0
ASIASKILLS TALENT RESEARCH OPC PRIVATE LIMITED,,HUMAN RESOURCES,Yes,2022,,110000,7480,199470,,,283,,195000,0,0
IEAON TECH PRIVATE LIMITED,,IT SERVICES,Yes,2022,114571,,732474.08,65943.51,,,235,380387.93,0,0,0
REWOKE TECHNOLOGIES PRIVATE LIMITED,Y,INTERNET OF THINGS,,2022,2516567,5963067,4869718,12576253,68100,679028,13,5178698,15187903,238402.35,989092.725
KEABIS TECHNOLOGY PVT LTD,,IT SERVICES,Yes,2022,17077545,26521717,37606902,112364064,,597911,6,25729057,113308624,1779679.275,8348146.8
SYSORA TECHNOLOGY PRIVATE LIMITED,,IT SERVICES,,2022,,,52285,111771.02,,,270,,0,0,0
YOYO RYDRS OPC PVT LTD,,AUTOMOTIVE,,2022,101455,268522,359155.33,765238,,,404,,758148,0,0
UPSOIL TECHNOLOGIES (OPC) PRIVATE LIMITED,,AGRICULTURE,Yes,2022,1008454,1328087,3701185,2956963,71250,,400,4088991,2770694,156674.325,57802.05
MIRAQULES MEDSOLUTIONS PRIVATE LIMITED,Y,HEALTHCARE AND LIFESCIENCES,,2022,,164700,3160493,5796734,122221,,389,3630573,1483503,122292.975,0
MULTISOFT COMMUNICATIONS PRIVATE LIMITED,,IT SERVICES,Yes,2022,6493636,5868083,8610788,10632663,438021,390681,152,10296442,11481610,622233.15,711120.75
SKILLMAD TECHNOLOGIES PRIVATE LIMITED,,IT SERVICES,Yes,2022,82338,,146623,41833,,0,327,,141014,0,0
AZEEDO PRIVATE LIMITED,Y,AGRICULTURE,,2022,,22500,38727,774910.29,,2094,401,,796664.1,0,0
FULKERYA DESIGN PVT LTD,,DESIGN,Yes,2022,68400,,222889,106604,,0,336,139001,111189,0,0
WELLNESS REDEFINED SERVICES PRIVATE LIMITED,,HEALTHCARE AND LIFESCIENCES,,2022,99008,132097,850871,836279,0,1823,403,860635,843285,0,0
AKELA ADVENTURE PRIVATE LIMITED,,OTHERS,,2022,122450,1370500,831321,5251197,0,207002,59,934180,6071147,0,305336.025
BRAINSENSORY TECHNOLOGIES PRIVATE LIMITED,,HEALTHCARE AND LIFESCIENCES,,2022,,,20028,14892,,,235,,0,0,0
CONDUIT TECHNET PVT LTD,,IT SERVICES,Yes,2022,235000,578500,930591,1619011,,0,136,402257,1643842,0,0
ODICAD TECHNOLOGIES PRIVATE LIMITED,,EDUCATION,Yes,2022,,,98129.8,175327.94,0,0,162,140000,251263.69,0,0
BIOMOLICS INNOVATIONS PVT LTD,,HEALTHCARE AND LIFESCIENCES,Yes,2022,300000,,431000,205707,,,235,,0,0,0
LAANDLOAD CONSTRUCTION PRIVATE LIMITED,,CONSTRUCTION,,2022,,,25542,13200,,,270,,0,0,0
HEMBRAM ENTERPRISES PRIVATE LIMITED,,TEXTILES AND APPAREL,Yes,2022,36000,12000,223186,183670,,,182,137129,126691,0,0
NEXTPRIME LABS PRIVATE LIMITED,,ENTERPRISE SOFTWARE,,2022,,,8952,27215,750,1000,82,11545,31542,0,0
OTECH SOFT SOLUTION PRIVATE LIMITED,,IT SERVICES,,2022,26738892,31593572,96219042,177790706,543654,702305,8,98378220,180491917,7228366.5,13386893.775
SARCHAK ELECTRICAL AND ELECTRONICS PRIVATE LIMITED,,RETAIL,,2022,,,,,0,0,279,,0,0,0
CEIBA GREEN SOLUTIONS (OPC) PRIVATE LIMITED,,GREEN TECHNOLOGY,Yes,2022,,,,,0,0,279,,0,0,0
ASHIRBAD INFOSOL PRIVATE LIMITED,,IT SERVICES,,2022,83000,270600,376038,721842,,,159,321363,685490,0,0
BOOKYBERG PRIVATE LIMITED,,EDUCATION,,2022,,,768589,1135898,,,78,737332,1087135,0,0
ZUBI INFOTECH PRIVATE LIMITED,,EDUCATION,,2022,1452202,11000,1881061.82,100713.12,,,414,1280462.55,45265,0,0
HEZITT HEALTHCARE SERVICES PRIVATE LIMITED,,HEALTHCARE AND LIFESCIENCES,Yes,2022,177793,,415022.21,1251,,0,277,375724.97,1251,0,0
WEBZIN INFOTECH PVT LTD,,IT SERVICES,Yes,2022,535000,24000,826950,77310,0,,344,831105,32894,0,0
33 CRORES POOJA PRODUCT PRIVATE LIMITED,,AGRICULTURE,,2022,72000,96000,1589298,1920669,12910,17900,153,1638965,1989499,0,0
QUALIVON TECHNOLOGIES PRIVATE LIMITED,,INTERNET OF THINGS,,2022,,,200649,159409,,,295,,0,0,0
DARUBRAHMA AUTOMATION ROBOTICS PRIVATE LIMITED,Y,ROBOTICS,,2022,,180247,10000,252347.25,,,219,560,86015,0,0
INTECHGRATOR EDUCATION PRIVATE LIMITED,,EDUCATION,Yes,2022,,,21344.2,30969,,,419,8,7,0,0
PANAGRI CONSULTANCY (OPC) PRIVATE LIMITED,,AGRICULTURE,,2022,30000,65000,117152,128350,,,142,575,63201,0,0
ECOKART TECHNOLOGY PRIVATE LIMITED,,GREEN TECHNOLOGY,,2022,804000,1025196,6413744,14517012,178862,526834,64,7127064,16543298,384529.8,1090747.35
10X DATA LABS PVT LTD,,IT SERVICES,,2022,,,,,0,0,279,,0,0,0
MCTEL BROADBAND PRIVATE LIMITED,,TELECOMMUNICATION AND NETWORKING,Yes,2022,730548,399000,2640949,1826006,,,390,1957796,798272,0,0
IONOX SOFTWARE PRIVATE LIMITED,,IT SERVICES,,2022,40000,892526,112520,1941898,,2850,251,103000,1960173,0,0
BRAINTREE HEALTHCARE PRIVATE LIMITED,,HEALTHCARE AND LIFESCIENCES,,2022,1946060,2791742,3828600,5927700,14627,39634,50,3884856,6080138,141364.2,306010.35
ROBOGENSIS DIGITAL SERVICES PRIVATE LIMITED,,EDUCATION,,2022,41450,58400,301165,375030,,,141,143700,223119,0,0
ODIAA GENERAL PRIVATE LIMITED,,TRANSPORTATION AND STORAGE,Yes,2022,,148651,38689,2009836,0,0,73,50400,2138123,0,10359.225
SYGRACE SOLUTIONS PVT LTD,,SPORTS,,2022,,,37385,112545.97,,,202,,0,0,0
RUSTIC HUE CREATIONS (OPC) PVT LTD,,TEXTILES AND APPAREL,Yes,2022,143983,130934,642063,882504,,,34,622472,865825,0,0
INOFINITY RESEARCH AND DEVELOPMENT PRIVATE LIMITED,Y,HEALTHCARE AND LIFESCIENCES,Yes,2022,18000,720168,169888,1070860,,,117,156830,980122,0,0
BYTEIQ ANALYTICS PVT. LIMITED,,ANALYTICS,Yes,2022,878000,2330600,1930600,6109000,586200,1333600,49,4184800,11042100,163860,678157.5
KOUSTUV ICONIC SOLUTIONS PRIVATE LIMITED,,HUMAN RESOURCES,,2022,96000,84000,328588,505318,5780,7537,87,350820,534305,0,0
SAHITYAKRITI INDIA PVT LTD,,EDUCATION,,2022,,,26080,16491,0,,417,30013,15000,0,0
FASCELL TECHNOLOGY (OPC) PRIVATE LIMITED COMPANY,,EDUCATION,,2022,,,34812.8,12800.2,,,270,,0,0,0
MAGUS PROFESSIONALS PRIVATE LIMITED,,PROFESSIONAL AND COMMERCIAL SERVICES,Yes,2022,349625,403313,1424964.33,1289047.05,3633,972,263,1438929.4,1292783,0,0
ARANYA PARIDHI PRIVATE LIMITED,Y,AGRICULTURE,,2022,,,408007.57,895637.85,,,288,,663761.8,0,0
NECTARSDAY HEALTHCARE PVT LTD,,HEALTHCARE AND LIFESCIENCES,Yes,2022,,,573074,826721,573074,,405,,732188,0,0
FLYMYOWN ESERVICES PRIVATE LIMITED,,RETAIL,,2022,65240,82500,141983,153360.5,,,269,138640,125000,0,0
CEREBRONICS TECHNOLOGY PRIVATE LIMITED,Y,IT SERVICES,,2022,2320397,1195687,3714093,2909701,,,391,1620281,662859,0,0
SSR GREEN TECH ENERGY PRIVATE LIMITED,,RENEWABLE ENERGY,,2022,2225787,3236974,5411193.37,16971665.7,188153,442905,44,6134860.55,18448016.43,310114.54125,1233601.23225
9C TECHNOLOGY LABS PRIVATE LIMITED,,ENTERPRISE SOFTWARE,,2022,188800,108000,349000,285100,,,420,32000,0,0,0
MT ENGINEERING AND SUPPLIERS PVT LTD,,CONSTRUCTION,,2022,1840850,263069,18939908,8277605,1377359,75884,259,19575037,8569468,1318127.775,492710.1
LANSISO INNOVATION TECHNOLOGIES PRIVATE LIMITED,,RENEWABLE ENERGY,Yes,2022,913000,3448477,20739707,20484833,294533,123819,221,22627741,21278772,1547080.575,1445907.9
CREON INFO PRIVATE LIMITED,,IT SERVICES,,2022,,232100,2988.24,263305.76,,0,266,,269044.13,0,0
ASICZEN TECHNOLOGIES INDIA PVT LTD,,INTERNET OF THINGS,,2022,16999642,31636508,42443208,69734086,,662895,3,22901586,88131146,1567618.95,6459835.95
CHIRASTHAEE URJA SAMADHAN(OPC) PRIVATE LIMITED,,RENEWABLE ENERGY,,2022,154000,,619470,55473,8254,7,234,651525,55500,0,0
GEOLYSIS INTEGRATED SOLUTIONS PRIVATE LIMITED,,TECHNOLOGY HARDWARE,,2022,745000,1775670,1085340.91,2302803.73,0,19631.45,23,1277438.88,2617039.62,0,46277.9715
EDOC MEDICAL SERVICES PRIVATE LIMITED,,HEALTHCARE AND LIFESCIENCES,Yes,2022,455668,272000,825119,1261259,,,212,227994,783651,0,0
GLOVINOV TECHNOLOGY PRIVATE LIMITED,,TECHNOLOGY HARDWARE,,2022,,,3499,13557,,,270,,0,0,0
PRAKRITI O PRAKRITIK CONSUMER PRODUCTS PRIVATE LIMITED,,AGRICULTURE,,2022,269645,652712,1244884,1741678,3341,,224,1249080,1123150,0,0
HUMAPS PVT.LTD,,ENTERPRISE SOFTWARE,,2022,,,428694,229521,,,408,378759,217822,0,0
MRJ ENGINEERING PVT LTD,,HOUSE-HOLD SERVICES,,2022,435612,351601,1527728,416169,1497,1615,392,1533485,422379,0,0
DRSIGNET HEALTHCARE PRIVATE LIMITED,,IT SERVICES,Yes,2022,,,10011,5012,,,320,,0,0,0
QUICK BITS SEVEN ENTERPRISE PRIVATE LIMITED,,RETAIL,,2022,,92800,72134,356231,,,81,66728,334651,0,0
TRACSTARS INFORMATICS PRIVATE LIMITED,,IT SERVICES,Yes,2022,,,186445,460258,,,161,125000,459511,0,0
MR GARAZ TECHNOLOGIES PRIVATE LIMITED,,OTHER SPECIALTY RETAILERS,,2022,94351,333989,338073,526276,,,217,67621,248203,0,0
AROMASYMPHONIES PRIVATE LIMITED,,HOUSE-HOLD SERVICES,Yes,2022,,,23997.2,101483.69,,3367.57,123,13920,109080,0,0
LOGICZAP TECHNOLOGIES (OPC) PRIVATE LIMITED,,IT SERVICES,,2022,20000,18000,752361.46,1171919.91,240,625,114,753443.4,1181206.04,0,0
KALINGALEGAL SERVICES PRIVATE LIMITED,,PROFESSIONAL AND COMMERCIAL SERVICES,,2022,300000,528000,413593,670754,,,256,361556,490505,0,0
AGRIL CARE AND DEVELOPMENT PRIVATE LIMITED,,AGRICULTURE,,2022,,,130656,134508,,,420,0,0,0,0
JIGSAN HYGIENE PRIVATE LIMITED,,CHEMICALS,,2022,495836,457195,2823159,2426667,12000,20241,176,2854160,2499731,64062,37479.825
S2S BIZ SOLUTIONS PRIVATE LIMITED,,PROFESSIONAL AND COMMERCIAL SERVICES,,2022,315000,418000,813382,1715027,3120,,112,833368,1635013,0,0
PORSIO MARKETPLACE PRIVATE LIMITED,,FASHION,,2022,,,,,0,0,295,,0,0,0
ODISHAFISH MARINE EXPORTS PRIVATE LIMITED,,AGRICULTURE,Yes,2022,575650,580970,3903531,4708719,,842,154,3893411,4711960,142005.825,203397
CYFRIFPRO PRIVATE LIMITED,,FINANCE TECHNOLOGY,,2022,,,2896780,1980465,,,207,796439,1956864,0,0
NISARGA BLISS PVT. LTD.,Y,AGRICULTURE,,2022,1410330,1345090,8330680,10791000,,,110,8119950,10675380,458996.25,650653.5
SWAYOGYA REHAB SOLUTIONS PVT.LTD.,Y,HEALTHCARE AND LIFESCIENCES,Yes,2022,,890479,317326,2500239,,,77,305296,2463390,0,34754.25
ORICRED FINSERV PRIVATE LIMITED,,FINANCE TECHNOLOGY,,2022,966100,1245600,1721900,2097000,17100,27300,144,1787900,2141400,0,10605
IASSESS DIGITAL TECHNOLOGY PRIVATE LIMITED,,EDUCATION,,2022,,218542,72207,550313,0,,121,233306,397358,0,0
AZOOVA IT COMMUNICATIONS PRIVATE LIMITED,,IT SERVICES,,2022,,,21745.17,21822,,,235,,0,0,0
RED COVER MANAGEMENT SERVICES PRIVATE LIMITED,,EVENTS,,2022,323669,161905,606064.72,317689.74,,,412,276000,119500,0,0
TIGERWORLD TECHNOLOGIES,,IT SERVICES,Yes,2022,,,,,0,0,295,,0,0,0
MYORG360 INNOVATIONS PRIVATE LIMITED,,ENTERPRISE SOFTWARE,,2022,360000,879555,576308,1260980,4908,6040,129,595000,1284392,0,0
S.S ASSOCIATES INNOVATION LAB PVT. LTD.,,IT SERVICES,Yes,2022,2352833,3507497,4978607,7282743,47099,74711,41,5161113,7570094,237083.475,417757.05
BIG BUG E-SOLUTIONS PRIVATE LIMITED,,IT SERVICES,Yes,2022,,,145898.5,181456,,,122,91000,171625,0,0
SAHOO HOSPITALITY PRIVATE LIMITED,,OTHERS,Yes,2022,795880,50450,1467876,125606,76,,343,1539508,40800,0,0
MOKVIS ENGINEERING PRIVATE LIMITED,,CONSTRUCTION,,2022,2160000,904469,33424634,7705090,700660,98729,260,36118713,8083505,2558903.475,456262.875
SOFTREE TECHNOLOGY PRIVATE LIMITED,,ENTERPRISE SOFTWARE,Yes,2022,6436300,8145400,11650200,13967000,46800,105600,111,11836300,14374500,737722.5,928087.5
GOMOPY ONLINE SERVICES PVT LTD,,RETAIL,,2022,118261,156850,673904,1008388,,,209,591305,921751,0,0
LIVELIHOOD ALTERNATIVES PRIVATE LIMITED,,SOCIAL IMPACT,,2022,124500,1768893,311430.74,6586067.5,35860,194753,107,524325.2,7301888.17,0,397641.61275
TECHNICAL SITE DEVAJYOTI TECHNICAL SERVICES (OPC) PRIVATE LIMITED,,OTHERS,Yes,2022,,19500,12000,67400,,,294,,50640,0,0
EZYTAL PRIVATE LIMITED,,RETAIL,,2022,,,190745,224100,,,218,27895,205668,0,0
SUMATO FUTURISTIC SOLUTIONS PVT. LTD.,,SOCIAL IMPACT,Yes,2022,,,770121.9,816207,0,1900,285,770834,819850.14,0,0
TFARM PRIVATE LIMITED,,AGRICULTURE,,2022,664000,715800,1285860,1069658,,,210,459200,890000,0,0
AXONOTICS PVT. LTD.,Y,IT SERVICES,Yes,2022,136200,216000,473669,236627,,,435,472396,66001,0,0
JCURVE TECHNOLOGY PRIVATE LIMITD,,ENTERPRISE SOFTWARE,Yes,2022,,,10028,6472,,,312,,0,0,0
CENTURION DIGITECH SOLUTION PRIVATE LIMITED,,FINANCE TECHNOLOGY,,2022,,505263,489812.76,1151588.62,,,323,,161515,0,0
MARQUEESEMI INDIA PRIVATE LIMITED,,IT SERVICES,Yes,2022,16935388,23985330,19249145,30585560,95710,139631,62,19551949,31454529,1316396.175,2209089.675
MOKKOMOTTO (OPC) PVT LTD,,TECHNOLOGY HARDWARE,,2022,16350,,8590,82230,,,347,,0,0,0
ALWECK EXPORTS PVT LTD,,SOCIAL NETWORK,,2022,,,7000,132300,,,410,0,131870,0,0
OXYCODE TECHNOLOGIES PVT. LTD.,,ROBOTICS,Yes,2022,108094,151125,1054339,1057267,5109,900,262,1057220,1060725,0,0
MYTHICKA CONSULTANCY FOUNDATION,,SOCIAL IMPACT,,2022,,,14239,18721,,,247,,0,0,0
SOLAIRE INITIATIVES PRIVATE LIMITED,,RENEWABLE ENERGY,,2022,,,12000,513753,,,416,,20000,0,0
TIFT TRANSPORT PVT.LTD,,TRANSPORTATION AND STORAGE,,2022,320500,2127700,1948336,3033355,1367,8215,134,1953645,3064946,0,79870.95
ORESHAW VENTURES(OPC)PRIVATE LIMITED,,RENEWABLE ENERGY,,2022,,,13300,5000,,,184,,0,0,0
PRINTPANDA INDIA PRIVATE LIMITED,,ARCHITECTURE/INTERIOR DESIGN,,2022,1139490,2594660,4725890,12148390,53070,40770,101,5036810,12385980,227760.75,778948.5
ADDZET ADVERTISING AND MEDIA PRIVATE LIMITED,,ADVERTISING,,2022,174039,640850,429401,1181466,,,211,161611,879302,0,0
BEPURE FOODS PVT LTD,,AGRICULTURE,Yes,2022,177650,196150,1453661,799884,,,428,1077621,755845,0,0
BIVABARI FASHIONS PVT LTD,,TEXTILES AND APPAREL,Yes,2022,12000,12000,144160,321021,433,520,80,144160,323011,0,0
NAVONMESH PRASAR FOUNDATION,,EDUCATION,,2022,,302765,774924,515145,0,0,66,1214458,2562772,0,42207.9
UET TECHNOLOGY PRIVATE LIMITED,,IT SERVICES,,2022,1261579,1082600,2153666,1926575,,,402,2031982,1085321,2398.65,0
AD9 SYNTHETIC AND SPORTS PRIVATE LIMITED,,CONSTRUCTION,,2022,7577674,5207402,52284054,54856711,758326,823846,105,55200693,57907253,3990051.975,4193043.975
VITALIY INNOVATIONS,,CONSTRUCTION,,2022,,200000,20585,245842,2248,4826,126,35000,271684,0,0
LITTLESPACE FURNITURES PRIVATE LIMITED,,ARCHITECTURE/INTERIOR DESIGN,,2022,,60000,11860,371881,,0,229,,389304,0,0
NEO SANJIVANI PRIVATE LIMITED,,HEALTHCARE AND LIFESCIENCES,Yes,2022,,,590463,623407,,,413,154453,118578,0,0
2PU SURGICALS PRIVATE LIMITED,,HEALTHCARE AND LIFESCIENCES,,2022,,,,,0,0,311,,0,0,0
DEARLIFE EMPOWER INDIA PRIVATE LIMITED,,MARKETING,,2022,9021194.16,8154119.37,106926857.89,102967027.53,2517848.44,915575.78,135,116614890.91,106486719.51,8596116.81825,7836503.96325
BIOPIONEER PRIVATE LIMITED,Y,HEALTHCARE AND LIFESCIENCES,Yes,2022,,449000,69937,1006396,,,319,,992000,0,0
MEDRO MEDICAL SYSTEMS PVT.LTD,,HEALTHCARE AND LIFESCIENCES,,2022,1276000,1116000,26129234,55630971,60200,182803,63,26390156,56334059,1829261.7,4075054.425
MINDQUE INDIA PRIVATE LIMITED,Y,EDUCATION,,2022,1080931,2545930,1308942.06,3072205.06,,3420,88,1307666.8,3092126.88,0,81909.516
TRUSTLESS PRIVATE LIMITED,,FINANCE TECHNOLOGY,,2022,50000,,68012,86882.99,,,439,19754,0,0,0
PROCYNTECH CONSULTING PRIVATE LIMITED,,IT SERVICES,,2022,20057360,3349237,23995055,6129342,51796,21558,226,24194273,6202849,1664570.475,315213.675
REVEALAI TECHNOLOGIES PRIVATE LIMITED,,INTERNET OF THINGS,Yes,2022,160000,360000,211130,8819740,,57540,19,7090,9041040,0,528078
GLC DESIGNS INDIA PRIVATE LIMITED,,SOCIAL IMPACT,Yes,2022,704317,597000,6594463,1867411,,,228,6563469,776859,342260.175,0
MAHADEV POLYPLAST PRIVATE LIMITED,,OTHERS,Yes,2022,1287949,2876778,17975137,57204444,244184,400713,48,18696000,58745646,1252200,4255923.45
AFIYA ENTERPRISES PRIVATE LIMITED,,CONSTRUCTION,Yes,2022,20500,611312,74400,18355726,0,4131,99,74400,18371590,0,1227869.25
DZINEPIXEL WEBSTUDIOS (OPC) PRIVATE LIMITED,,IT SERVICES,,2022,3137450,2212813,3364270,2465672,20738,16289,175,3444030,2533600,108302.25,40020
QUICKBLUE ORAL CARE PVT LTD,Y,HEALTHCARE AND LIFESCIENCES,Yes,2022,,183000,18012.7,220500.65,,0,290,,220500.65,0,0
WHATNOT DENTAL SOLUTIONS PRIVATE LIMITED,Y,HEALTHCARE AND LIFESCIENCES,Yes,2022,,27000,17700,63818,,390,293,,65318,0,0
SWABALAMBEE FOUNDATION,,EDUCATION,,2022,,,30000,470000,,,431,,202000,0,0
GREENWEY CREATION PRIVATE LIMITED,,AGRICULTURE,Yes,2022,2369682,4705135,6579969,12971111,53591,143737,98,6725358,13472444,354401.85,860433.3
LARKAI HEALTHCARE PRIVATE LIMITED,,HEALTHCARE AND LIFESCIENCES,,2022,,193000,147082,1511962,,,295,,0,0,0
PRIMERA LABORATORIES (OPC) PRIVATE LIMITED,,EDUCATION,,2022,72000,600000,191427,1295564.4,,,158,151000,1069827.25,0,0
PARIJA ICONIC IDEAS PRIVATE LIMITED,,FINANCE TECHNOLOGY,,2022,894000,166500,3124878.64,2188837.88,,,331,1012315,807282,0,0
VEDIKEM HERBALS PRIVATE LIMITED,,CHEMICALS,Yes,2022,2579600,1390100,14115277,9561017,34126,13240,225,14247917,9611939,918593.775,570895.425
WHYKRO PRIVATE LIMITED,,FASHION,,2022,,360000,36733,2282075,,11800,54,18888,2360949,0,27071.175
HERBZENICA LIFESCIENCES PRIVATE LIMITED,,GREEN TECHNOLOGY,,2022,698000,510150,1486470,1095500,,,334,539550,269560,0,0
FRESH TECH AND TALENTS (OPC) PRIVATE LIMITED,,EDUCATION,,2022,154150,350770,196500,706700,,,213,15660,562650,0,0
MOHANTA INFRATECH PRIVATE LIMITED,,OTHERS,,2022,,480000,8177,2371985,,,177,,2324562,0,24342.15
AXIMIND STRATEGIC SOLUTIONS,,AI,Yes,2022,405924,2238641.97,621865.62,2324834.44,,115976,71,552438.22,2770895.38,0,57817.1535
SERVERDIAL TECHSERV PRIVATE LIMITED,,IT SERVICES,,2022,989199,2104472,1874788,2530964,,38459,131,469278,2678884,0,50916.3
AARESS BUSINESS FACT INDIA PRIVATE LIMITED,,FOOD AND BEVERAGES,,2022,,,283820,194310,706,579,289,286536,196536,0,0
KONKUWAN HERBS PVT. LTD.,,AGRICULTURE,Yes,2022,96000,442450,385239,6847028.6,475,48108,51,395994,7023314,0,376748.55
MALLA CONSULTING PRIVATE LIMITED,,CONSTRUCTION,Yes,2022,1210000,2228000,1995000,3932000,201000,366000,97,2794000,5744000,59550,280800
FELIS LEO WIDGETS PRIVATE LIMITED,,GREEN TECHNOLOGY,Yes,2022,,,77141,131665,,,295,,0,0,0
TURMERIC TATTVA PRIVATE LIMITED,,AGRICULTURE,,2022,5413,165844,110714,820586.1,,,118,16053,586982,0,0
SATYAMTECH PRIVATE LIMITED,,IT SERVICES,Yes,2022,,648000,,1076881.79,0,,264,,1075053,0,0
BURPEAZE FOOD AND NUTRITION PRIVATE LIMITED,,FOOD AND BEVERAGES,Yes,2022,,200630,,502760,0,,445,,363470,0,0
RIGHTS2LIFE SERVICES PRIVATE LIMITED,,OTHERS,Yes,2022,49003,182501,75076,312473,,,432,,109677,0,0
HALDER REHAB PVT LTD,,HEALTHCARE AND LIFESCIENCES,Yes,2022,16500,18000,941911,1126951,,,399,934325,980364,0,0
AVEETI BIOMED SOLUTIONS PRIVATE LIMITED,,HEALTHCARE AND LIFESCIENCES,,2022,,,11803,11800,,,310,,0,0,0
GOCLOUDNX PRIVATE LIMITED,,IT SERVICES,Yes,2022,,,35638,16416,,,295,,0,0,0
NEWSTREND NETWORK COMMUNICATION PRIVATE LIMITED,,MEDIA AND ENTERTAINMENT,,2022,2368442.9,2855839,10797937.03,11450449.11,473598.97,492447.64,146,12609140.25,13329097.99,795685.51875,849682.34925
MPBS LIFESTYLE  AND DESING LLP,,SOCIAL IMPACT,Yes,2022,,,,,0,0,279,,0,0,0
DURENTEK VENTURES PVT LTD,,MARKETING,Yes,2022,245210,370260,308350,459980,1630,2350,119,314600,469000,0,0
OVEST TECHNOLOGIES PRIVATE LIMITED,,FINANCE TECHNOLOGY,,2022,,142069,,245700,0,,353,,163333,0,0
PROCEKA TECHSOL PRIVATE LIMITED,,EDUCATION,,2022,115668,75887,686337,665192,,0,406,,666000,0,0
TRASHBACK INDIA PRIVATE LIMITED,,GREEN TECHNOLOGY,,2022,130000,163320,178511,232591,,,439,,0,0,0
PREEMINENCE SMARTECH PRIVATE LIMITED,,TECHNOLOGY HARDWARE,,2022,,,12947.94,23007.8,,,314,,0,0,0
DRIVO INDIA PRIVATE LIMITED,,TRAVEL AND TOURISM,,2022,,255000,241340,1548987,,,113,239304,1543724,0,0
TEXIANT SOFTWARE PVT LTD,,IT SERVICES,Yes,2022,,48000,,201684,0,,270,,0,0,0
MINDTRACK TECHNOLOGIES PRIVATE LIMITED,,IT SERVICES,Yes,2022,5893309,14185402,11291675,24169211.36,133336,287564,16,11746810,25275227,731010.75,1745642.025
DAIRY AND ECO FARMS PRIVATE LIMITED,,OTHERS,Yes,2022,,,103100,101200,,0,203,90700,103700,0,0
TECHMETIX SOLUTIONS PRIVATE LIMITED,,IT SERVICES,,2022,60000,144000,243400.47,341500.72,,,216,237900.46,331300.86,0,0
GOLDEN WEAVER AGRO INDUSTRY PRIVATE LIMITED,,AGRICULTURE,,2022,21500,38693,91845.61,154179.93,,,317,,132825,0,0
BOOK TURF (OPC) PRIVATE LIMITED,,SOCIAL IMPACT,Yes,2022,420000,,674328,418034,0,,267,680742,329775,0,0
AXELLANCE CODE SOFT PRIVATE LIMITED,,ENTERPRISE SOFTWARE,,2022,,133154,77015.23,402227.68,,,255,68055,172627.58,0,0
TECHCTICE PRIVATE LIMITED,,TRAVEL AND TOURISM,,2022,118000,,,547630,,,253,198000,512163,0,0
CMSEFR ONLINE SERVICES PRIVATE LIMITED,,INTERNET OF THINGS,Yes,2022,,,15000,5000,,,184,,0,0,0
REVOLTRIC POWER SOLUTION PRIVATE LIMITED,,IT SERVICES,Yes,2022,106000,120000,482627,6444906,,0,103,229127,6812146,0,360910.95
MOHANTA ECOMMERCE PRIVATE LIMITED,,OTHERS,,2022,,60000,8000,109614,,,295,,0,0,0
NUDGETECH SOLUTIONS PRIVATE LIMITED,,ANALYTICS,,2022,438714,,1156947.05,107301.33,,,420,1000000,0,0,0
TECHNOBOOT PRIVATE LIMITED,,IT SERVICES,,2022,63850,197392,182592,571567,,,120,163530,510197,0,0
CYTOPOT HEALTH CARE PRIVATE LIMITED,,HUMAN RESOURCES,Yes,2022,,,143400,260650,,,268,,245600,0,0
STYLOVY CREATION PRIVATE LIMITED,,FASHION,Yes,2022,,360000,833503,1064398,199888,2288,102,840960,1074471,0,0
SUBUDHI FOOD PRODUCTS PRIVATE LIMITED,,FOOD AND BEVERAGES,Yes,2022,,,8360.7,18602.29,,,346,,0,0,0
CANONFIRE CREATIVES PRIVATE LIMITED,,ADVERTISING,,2022,244000,2643093,1587354,35882018,15164,787106,100,1645679,38869623,0,2765221.725
ENCOMS PRIVATE LIMITED,,CONSTRUCTION,,2022,,1742700,,8623600,0,191800,348,,9236700,0,542752.5
SKYY RIDER ELECTRIC PRIVATE LIMITED,,AUTOMOTIVE,,2022,388660,4295263,1034895,30726431,27650,371880,83,1127340,32139120,0,2260434
1ST AIM TRADERS PRIVATE LIMITED,,FOOD AND BEVERAGES,,2022,574170,585470,10801505.93,12779598,72080,77413.84,220,11048959,13047548,678671.925,828566.1
HARIPRIYA REFRACTORIES PRIVATE LIMITED,,OTHERS,,2022,475800,2236865,1456450,9805788,39929,183247,70,1605673,10545014,0,640876.05
GLOBAL E-VILLAGE SERVICES INDIA PRIVATE LIMITED,,CONSTRUCTION,,2022,2795450,2840000,24874655,29844232,33488,139819,69,25003455,30354079,1725259.125,2126555.925
HEALTHY PLANET LIFE SCIENCES,,HEALTHCARE AND LIFESCIENCES,,2022,694000,1580000,21684209,25046166,130298,182003,91,22185352,25746181,1513901.4,1780963.575
ICES TECH HUB (OPC) PRIVATE LIMITED,,IT SERVICES,,2022,,,,,0,0,361,,0,0,0
JOYATO CONSULTANCY SERVICES (OPC) PRIVATE LIMITED,,IT SERVICES,,2022,0,120000,0,225748,0,,447,0,92000,0,0
EBL FIN TECH SERVICES PRIVATE LIMITED,,IT SERVICES,,2022,,,,33212,0,,385,,0,0,0
APS DESIGN INFRA PVT LTD,,DESIGN,,2022,,,,152199,0,8007,382,,183000,0,0
AMUSING PARENTS PVT LTD,,EDUCATION,,2022,,,,22813,0,,361,,0,0,0
DONGWUKART PRIVATE LIMITED,,FOOD AND BEVERAGES,,2022,,,,115000,0,,355,,90003,0,0
ZTOP IOT SOLUTIONS PRIVATE LIMITED,,HEALTHCARE AND LIFESCIENCES,,2022,,,,30008,0,,361,,0,0,0
NATUREPRO ORGANIC SCIENCES PRIVATE LIMITED,,HEALTHCARE AND LIFESCIENCES,,2022,,114697,,1837266,0,,354,,110780,0,0
WISHFORT TECHNOLOGIES PRIVATE LIMITED,,IT SERVICES,,2022,,,2000,7037,,,361,,0,0,0
CEDARA NATURALS PRIVATE LIMITED,,RETAIL,,2022,0,0,0,25372,0,,373,0,0,0,0
RX100 ENTERPRISES PRIVATE LIMITED,,ROBOTICS,,2022,,,,318878,0,,356,,200000,0,0
EV GARAZ PVT LTD,,AUTOMOTIVE,,2022,,,,57598,0,,381,,0,0,0
MILLENAI PRIVATE LIMITED,,AUTOMOTIVE,,2022,,,,1662,0,,388,,0,0,0
ORGANOPONIX PRIVATE LIMITED,,AGRICULTURE,,2022,,356000,,2192894,0,,442,,2010789,0,809.175
MO OIL VENTURES PRIVATE LIMITED,,NON- RENEWABLE ENERGY,,2022,,90000,,179837,0,,361,,0,0,0
CRAFTINDIKA RETAIL PRIVATE LIMITED,,RETAIL,,2022,,24000,,271700,0,,450,,0,0,0
SWABALAMBI ODRA GREEN FARMERS PRODUCER COMPANY LIMITED,,AGRICULTURE,,2022,,,,12121,0,,359,,9444,0,0
VATSALYA WELLNESS PRIVATE LIMITED,,HEALTHCARE AND LIFESCIENCES,,2022,0,,0,27441,0,,361,0,0,0,0
TENSIFT  FARMERS FERTILIZER PVT LTD,,AGRICULTURE,,2022,,,,15900,0,,361,,0,0,0
ASSURITY TECHSOLUTIONS PRIVATE LIMITED,,AGRICULTURE,,2022,,,15000,18736,,,380,,0,0,0
BETHANY AGRO PRIVATE LIMITED,,AGRICULTURE,,2022,,40000,,106611.32,0,,448,,55899.01,0,0
YOUNG TINKER PVT LTD,,EDUCATION,,2022,,555338.46,,742167.92,0,2484,398,,752304.92,0,0
YISE E-SCHOOL PRIVATE LIMITED,,EDUCATION,,2022,,0,,0,0,0,375,,0,0,0
VERNACULAR MEDIUM EDUCATIONAL SERVICES PVT LTD,,EDUCATION,,2022,,,,124817,0,,450,,0,0,0
HAPPINESS UNDER BUDGET RETAIL PVT LTD,,MARKETING,,2022,,205023,,2104055,0,,443,,1477500,0,0
WEBPLAY ENTERTAINMENT OPC PRIVATE LIMITED,,MEDIA AND ENTERTAINMENT,,2022,,,,38400,0,,378,,0,0,0
MAYURBHANJ GRAND PVT LTD,,SOCIAL IMPACT,,2022,,,,,0,0,376,,0,0,0
AMPLE CREATIX PRIVATE LIMITED,,TRANSPORTATION AND STORAGE,,2022,,132680,,534225,0,6180,351,,558000,0,0
BENVOLIO HEALTHCARE PRIVATE LIMITED,,HEALTHCARE AND LIFESCIENCES,,2022,,210900,,264754,0,,387,,0,0,0
BUNTY LIFESTYLE WORLD PRIVATE LIMITED,,FOOD AND BEVERAGES,,2022,,,,,0,0,361,,0,0,0
SCYLENE TECHNOLOGY AND LIFE SCIENCE PRIVATE LIMITED,,FOOD AND BEVERAGES,,2022,,8000,,10000,0,,450,,0,0,0
K N K SQUARE PRIVATE LIMITED,,HEALTHCARE AND LIFESCIENCES,,2022,0,27000,5000,1649903,,0,349,0,1649903,0,0
INNOVENTSOFT TECHNOLOGIES PRIVATE LIMITED,,MARKETING,,2022,,,,,0,0,450,,0,0,0
OMITRI TECHNOLOGY PRIVATE LIMITED,,IT SERVICES,,2022,42350,61565,141041,538620,18614,9907,116,209982,579263,0,0
WILKEF CLASSES PRIVATE LIMITED,,EDUCATION,,2022,270000,511786,283331,550482,,,436,,40016,0,0
UBC THERAPUTICS PRIVATE LIMITED,,HEALTHCARE AND LIFESCIENCES,,2022,,47000,,472210.96,0,,430,,286959.7,0,0
HIREKARMA PRIVATE LIMITED,,HUMAN RESOURCES,,2022,41000,417000,123229,777305,,,252,120000,526000,0,0
BIZOKAY INDIA PRIVATE LIMITED,,IT SERVICES,,2022,,,177778,184128,,,425,90422,92979,0,0
PRAKRUTIK GEOSPATIAL AND ENVIRONMENTAL MANAGEMENT SERVICES PRIVATE LIMITED,,OTHERS,,2022,605000,,1150961.99,221297.51,7540,,434,1165856,74839,0,0
STABDHA UTILITY INSIGHTS PRIVATE LIMITED,,PROFESSIONAL AND COMMERCIAL SERVICES,,2022,1295789,413940,3815731.06,2642287.76,1559313.14,,295,9149150,0,536186.25,0
MYTHICKA TECHNOLOGY PRIVATE LIMITED,,TECHNOLOGY HARDWARE,,2022,85000,310500,788492,719414,,,433,676008,109587,0,0
OLANGAR SOLUTIONS PRIVATE LIMITED,,EDUCATION,,2022,135460,671494,280698.53,886628.96,,,438,,7944,0,0
LFYD SERVICES PVT. LTD,,MARKETING,,2022,384131,1985707,669315,3594225,,,109,615197,2336687,0,25251.525
ADVANCE DESIGN AND ANALYSIS SOLUTIONS PRIVATE LIMITED,,CONSTRUCTION,,2022,,284000,98490,486730,,,124,48270,111020,0,0
HOMEACTS,,HEALTHCARE AND LIFESCIENCES,,2022,,,117362,12351,,,295,5080,0,0,0
FIVE T CORPORATE PRIVATE LIMITED,,IT SERVICES,,2022,30000,66400,62808,2522928,,4383,108,13000,2539783,0,40483.725
ADUT SHIKSHA VIKAS PRIVATE LIMITED,,EDUCATION,,2022,,,93678.2,48980.83,,,437,0,13898.32,0,0
EKAM DIGITAL TECHNOLOGIES PVT LTD,,EDUCATION,,2022,,,15300,7100,,,295,101,0,0,0
JUST INTO TECHNOLOGY UNIFIED SOLUTION PRIVATE LIMITED,,IT SERVICES,,2022,,,100,,,0,295,,0,0,0
ELEFIX SERVICES PRIVATE LIMITED,,OTHERS,,2022,0,,120935,1008494,,,427,0,811156,0,0
2S SOLAR PRIVATE LIMITED,,RENEWABLE ENERGY,,2022,219940,1084594,2158625,3391725,,11362,106,2066425,3464553,4981.875,109841.475
MARQUIS MOBILITY SOLUTIONS PRIVATE LIMITED,,TRAVEL AND TOURISM,,2022,,2175.13,165839,195225.13,,,254,76654,174343,0,0
SAFEND SECURE SOLUTIONS PRIVATE LIMITED,,SAFETY,,2022,,823348,16963,1245082,,,115,1,1183074,0,0
GIRISHYAM PRIVATE LIMITED,,FOOD AND BEVERAGES,,2022,406100,1737665,820588,5491819,0,0,150,856263,5625128,0,271884.6
ZENOFARM EAST PRIVATE LIMITED,,AGRICULTURE,,2022,,285500,21290,1071324.63,,,295,,0,0,0
BIOEARTH ENERGIE PRIVATE LIMITED,,GREEN TECHNOLOGY,,2022,0,30000,25500,191186,,,276,0,0,0,0
SMZVIG AUTOMATION PVT LTD,,AUTOMOTIVE,,2022,358000,868000,4403173,5960056,5207,8880,90,4403173,5965573,180237.975,297417.975
RIXO SYSTEM IT SOLUTIONS PRIVATE LIMITED,,IT SERVICES,,2022,903991,2382498,1796433,2959241,10737,22727,72,1840932,3124910,0,84368.25
ADELLE INTERNATIONAL PRIVATE LIMITED,,HEALTHCARE AND LIFESCIENCES,,2022,0,38360,45264,132333,,,233,0,78630,0,0
PANDA MACHINES PVT LTD OPC,,OTHERS,,2022,524293,455925,2864216,3708874,1083,2047,60,2868383,3716746,65128.725,128755.95
ILECTUAL OPC PRIVATE LTD,,EDUCATION,,2022,74228,73200,718282,698060,0,810,330,732260,712800,0,0
ADGLOB INFOSYSTEM PRIVATE LIMITED,,IT SERVICES,,2022,331258,45670,380615,216646,5275,3449,222,400910,230000,0,0
CIRRUSCLOUD SYSTEMS PRIVATE LIMITED,,IT SERVICES,,2022,891837,1834116,1094778,2101084,,0,29,1093384,2234215,0,17566.125
KBB FOOD PRODUCT PVT LTD,,FOOD AND BEVERAGES,Yes,2022,1094032,1516789,25286523,33554342,146798,133299,61,25775700,34067025,1783177.5,2405026.875
SHEPHALEE FASHIONS OPC PRIVATE LIMITED,,TEXTILES AND APPAREL,Yes,2022,,300000,,6930997,0,,379,,6843487,0,363261.525
THINKPLAY BOX PRIVATE LIMITED,,AI,Yes,2022,,,,232915.26,0,,377,,65475.45,0,0
JAIVIK MANURE PRIVATE LIMITED,,AGRICULTURE,Yes,2022,,,,6000,0,,361,,0,0,0
PUREPETAL ALLIANCE PRIVATE LIMITED,,AGRICULTURE,Yes,2022,0,200000,0,3277456,0,0,384,0,3285581,0,96418.575
INVENICS INNOVATIONS PRIVATE LIMITED,,AGRICULTURE,Yes,2022,,,,20414,0,,361,,0,0,0
PRIMP TECHNOLOGIES PRIVATE LTD,,AR/VR - AUGMENTED + VIRTUAL REALITY,Yes,2022,0,0,0,0,0,0,374,0,0,0,0
DENWITO PRIVATE LIMITED,,EVENTS,Yes,2022,,,,9881,0,,361,,0,0,0
BUSINESSASTRA PRIVATE LIMITED,,FINANCE TECHNOLOGY,Yes,2022,0,1625850,0,1689324,0,,350,0,1645311,0,0
CHEF JUNCTION PRIVATE LIMITED,,FOOD AND BEVERAGES,Yes,2022,,,,25794,0,,357,,21769,0,0
BLISSPOINT ECARE PRIVATE LIMITED,,HEALTHCARE AND LIFESCIENCES,Yes,2022,,,,60295,0,,360,,2767,0,0
WITHSTAND FITNESS,,HEALTHCARE AND LIFESCIENCES,Yes,2022,0,687750.23,0,785347.2,0,,444,0,597386.95,0,0
MOHS10 TECHNOLOGIES PRIVATE LIMITED,,IT SERVICES,Yes,2022,,461179,,653532,0,,361,,0,0,0
METAHUMAN TECHNOLOGIES PVT.LTD,,TECHNOLOGY HARDWARE,Yes,2022,,,,53737.5,0,,358,,10000,0,0
VINSSI GIFTS AND NOVELTIES PRIVATE LIMITED,,OTHERS,Yes,2022,,117150,,424608,0,4796,352,,443050,0,0
K-FIRST BIOTECH PRIVATE LIMITED,,HEALTHCARE AND LIFESCIENCES,Yes,2022,,,,50695,0,,386,,0,0,0
RNA BIOTECH PRIVATE LIMITED,,HEALTHCARE AND LIFESCIENCES,Yes,2022,,80000,,501818,0,,449,,40000,0,0
PENTACLE FOOD INDUSTRY PVT. LTD.,,FOOD AND BEVERAGES,Yes,2022,,168000,,544897,0,,446,,179909,0,0
GENOMIKI SOLUTIONS PRIVATE LIMITED,,HEALTHCARE AND LIFESCIENCES,Yes,2022,,139694,,186427,0,0,383,,190713,0,0
SMPS ELECTRIC CONTROL PRIVATE LIMITED,,RENEWABLE ENERGY,Yes,2022,0,460000,0,612622,0,,450,0,0,0,0
KRUSHEKA AGRICULTURE RESEARCH CENTRE,,AGRICULTURE,Yes,2022,223000,385500,656107,1082085,1865,,424,668350,673126,0,0
VRUDDHI MART E-COMMERCE PRIVATE LIMITED,,OTHERS,Yes,2022,,,,24464,0,,295,,0,0,0
AYURINNO LEGACY OPC PRIVATE LIMITED,,BIOTECHNOLOGY,Yes,2022,,54000,40212,142640,,,316,,0,0,0
DRRVK FASHION(OPC) PVT LTD,,FASHION,Yes,2022,0,0,457900,1521900,,33200,426,0,1637900,0,0
ASIRBADH AGRO FOOD PRODUCTS PRIVATE LIMITED,,AGRICULTURE,Yes,2022,30500,0,853150,96782.81,0,0,286,96782.81,98200,0,0
ASIRBADH AGRO FOOD SERVICES PRIVATE LIMITED,,AGRICULTURE,Yes,2022,0,11500,1933787.29,153826.2,,,291,1929600,152200,0,0
HANDCRAFTED INDIA EXPORT PRIVATE LIMITED,,ART AND PHOTOGRAPHY,Yes,2022,-12954,25698,12954,149747,,,292,,139669,0,0
HEALTHY HAPPY LIVING PRIVATE LIMITED,,HEALTHCARE AND LIFESCIENCES,Yes,2022,,,9911,7189,,,295,,0,0,0
F3 BIOTECHNOLOGY,,BIOTECHNOLOGY,Yes,2022,,637000,106376,939252,,,429,,633135,0,0
PRITIRAJ FOOD PRODUCTS PRIVATE LIMITED,,AGRICULTURE,Yes,2022,,,31828,142715,,,315,,0,0,0
ECOBETON READYMIX PRIVATE LIMITED,,CONSTRUCTION,Yes,2022,,,,281989,0,,439,,0,0,0
QUOTUS SOFTWARE SOLUTIONS PRIVATE LIMITED,,IT SERVICES,Yes,2022,550341,430200,995463,731058,,,295,461,0,0,0
BOBANZA FOOD AND BEVERAGE PRIVATE LIMITED,,FOOD AND BEVERAGES,Yes,2022,144000,84000,1119166,464117,,,407,952626,358563,0,0
DARSHINFI MEDICARE OPC PVT LTD,,HEALTHCARE AND LIFESCIENCES,Yes,2022,,,43647,35653,,,94,4,214,0,0
MINDMINE ECOMMERCE PRIVATE LIMITED,,FASHION,Yes,2022,397121,173382,1417161,2465831,13360,14196,75,1462209,2520431,0,39032.325
INTELISPARKZ SYSTEMS PRIVATE LIMITED,,HOUSE-HOLD SERVICES,Yes,2022,558000,577574,1872228,1900630,0,13600,257,1896565,1931104,0,0
5STAR APNISEVA PRIVATE LIMITED,,HOUSE-HOLD SERVICES,Yes,2022,48000,60000,147584,464014,3950,9683,79,162780,501260,0,0
HEXAPHOR TECHNOLOGIES,,IT SERVICES,Yes,2022,0,139586,0,375408.44,0,0,284,0,377358.83,0,0
WATER N SPICES FOODSZ PVT LTD,,FOOD AND BEVERAGES,Yes,2022,27500,676666,487201.22,3482240.99,,,206,216426.36,2392457.18,0,29434.2885
CHINUMINU BUILDERS PRIVATE LIMITED,,CONSTRUCTION,Yes,2022,62000,62000,355580,390620,170,9720,165,356230,428000,0,0
JIVADA VENTURES PRIVATE LIMITED,,OTHERS,Yes,2022,970000,7200,3447042,1247595,29838,,418,3560000,14229,117000,0
DAYHAAT SERVICES PRIVATE LIMITED,,HEALTHCARE AND LIFESCIENCES,Yes,2022,,,100535,99500,,,235,,0,0,0
HESTIA EDUCATION AND RESEARCH CENTRE PRIVATE LIMITED,,FOOD AND BEVERAGES,Yes,2022,97173,101296,287397,236861,,,324,160000,156780,0,0
IMMATE ABACUS ACADEMY PRIVATE LIMITED,,EDUCATION,Yes,2022,2670,3620,273973,348936,684,790,95,276600,351978,0,0
